year,area,population,snapHousehold,snapHouseholdWithChildren,snapMarriedWithChildren,snapOtherFamilyWithChildren,snapSingleFather,snapSingleMother,snapNonFamily,snapNoChildren,snapMarriedNoChildren,snapOtherFamilyNoChildren,snapSingleMale,snapSingleFemale,snapNonFamilyNoChildren,nonSnapHousehold,nonSnapHouseholdWithChildren,nonSnapMarriedWithChildren,nonSnapOtherFamilyWithChildren,nonSnapSingleFather,nonSnapSingleMother,nonSnapNonFamily,nonSnapNoChildren,nonSnapMarriedNoChildren,nonSnapOtherFamilyNoChildren,nonSnapSingleMale,nonSnapSingleFemale,nonSnapNonFamilyNoChildren
2023,Bartons Creek,8220,99,75,24,51,34,17,0,24,0,14,14,0,10,8121,3000,2628,372,65,307,0,5121,3844,218,37,181,1059
2023,Buckhorn,3897,0,0,0,0,0,0,0,0,0,0,0,0,0,3897,2471,2218,253,48,205,0,1426,815,169,94,75,442
2023,Cary,33175,1302,772,322,450,175,275,0,530,147,45,9,36,338,31873,8576,6780,1752,894,858,44,23297,10042,1679,584,1095,11576
2023,Cedar Fork,24613,587,336,170,150,17,133,16,251,121,17,0,17,113,24026,8365,7315,1029,281,748,21,15661,6289,1277,476,801,8095
2023,Holly Springs,18900,488,190,71,119,0,119,0,298,36,121,102,19,141,18412,8933,7542,1384,571,813,7,9479,5498,694,127,567,3287
2023,House Creek,29547,1640,946,288,658,88,570,0,694,56,32,17,15,606,27907,5577,4050,1527,268,1259,0,22330,7260,1546,529,1017,13524
2023,Leesville,18007,518,242,36,206,0,206,0,276,0,25,0,25,251,17489,5348,4466,882,263,619,0,12141,5249,743,293,450,6149
2023,Little River,6462,506,300,107,193,35,158,0,206,12,142,25,117,52,5956,1725,1035,585,22,563,105,4231,2090,598,43,555,1543
2023,Marks Creek,10667,1068,435,258,156,64,92,21,633,80,225,18,207,328,9599,3444,2668,752,143,609,24,6155,2831,1029,375,654,2295
2023,Meredith,10376,246,146,86,60,13,47,0,100,0,0,0,0,100,10130,1353,984,320,72,248,49,8777,1628,296,101,195,6853
2023,Middle Creek,22194,1539,940,371,540,121,419,29,599,25,207,0,207,367,20655,7999,6747,1252,300,952,0,12656,7060,898,238,660,4698
2023,Neuse,34062,3303,1834,472,1305,53,1252,57,1469,131,348,34,314,990,30759,9305,6575,2724,680,2044,6,21454,7309,1947,564,1383,12198
2023,New Light,3917,116,83,73,10,0,10,0,33,0,19,19,0,14,3801,1509,1384,125,105,20,0,2292,1578,106,20,86,608
2023,Panther Branch,10865,426,230,124,106,0,106,0,196,34,28,0,28,134,10439,3459,2834,625,245,380,0,6980,4284,674,136,538,2022
2023,Raleigh,53607,4907,2516,228,2288,177,2111,0,2391,198,374,75,299,1819,48700,9043,6425,2549,714,1835,69,39657,10359,1710,497,1213,27588
2023,St. Marys,26413,2998,1610,429,1167,121,1046,14,1388,277,203,20,183,908,23415,7078,4615,2399,795,1604,64,16337,6275,1983,510,1473,8079
2023,St. Matthews,30993,3409,2281,954,1271,112,1159,56,1128,150,428,134,294,550,27584,8422,5324,3001,892,2109,97,19162,7340,2511,850,1661,9311
2023,Swift Creek,22119,1051,360,71,279,14,265,10,691,93,94,13,81,504,21068,4852,4122,694,239,455,36,16216,6342,1070,353,717,8804
2023,Wake Forest,36698,2133,921,169,752,64,688,0,1212,154,449,49,400,609,34565,12587,10331,2187,642,1545,69,21978,10975,1990,403,1587,9013
2023,White Oak,40904,857,467,247,192,17,175,28,390,93,123,0,123,174,40047,18754,15670,3054,1057,1997,30,21293,10562,1332,241,1091,9399
2022,Bartons Creek,8139,34,34,10,24,24,0,0,0,0,0,0,0,0,8105,3085,2701,384,51,333,0,5020,3806,197,30,167,1017
2022,Buckhorn,3578,0,0,0,0,0,0,0,0,0,0,0,0,0,3578,2284,2052,219,0,219,13,1294,656,168,96,72,470
2022,Cary,32454,1028,573,191,382,163,219,0,455,117,37,0,37,301,31426,8938,6781,2113,925,1188,44,22488,10001,1647,571,1076,10840
2022,Cedar Fork,23968,738,374,177,187,15,172,10,364,115,72,0,72,177,23230,7982,6783,1171,255,916,28,15248,6312,1163,443,720,7773
2022,Holly Springs,18158,480,286,119,167,20,147,0,194,11,104,74,30,79,17678,8591,7288,1297,566,731,6,9087,5379,617,141,476,3091
2022,House Creek,28725,1582,932,259,673,29,644,0,650,0,65,36,29,585,27143,5501,3933,1515,283,1232,53,21642,7523,1387,480,907,12732
2022,Leesville,17442,398,228,50,178,0,178,0,170,0,47,0,47,123,17044,5453,4671,776,237,539,6,11591,5140,656,185,471,5795
2022,Little River,6025,557,320,97,223,42,181,0,237,24,103,0,103,110,5468,1592,1114,374,11,363,104,3876,2000,457,43,414,1419
2022,Marks Creek,9959,1000,446,166,271,127,144,9,554,92,113,16,97,349,8959,3052,2288,743,146,597,21,5907,3131,614,129,485,2162
2022,Meredith,10034,305,184,75,109,17,92,0,121,0,0,0,0,121,9729,1347,985,332,51,281,30,8382,1539,325,128,197,6518
2022,Middle Creek,20971,1623,1053,317,707,113,594,29,570,33,212,0,212,325,19348,8018,6762,1256,341,915,0,11330,6324,680,241,439,4326
2022,Neuse,32259,2831,1589,428,1119,32,1087,42,1242,51,264,0,264,927,29428,9207,6579,2621,619,2002,7,20221,6815,1574,427,1147,11832
2022,New Light,3665,77,43,28,15,0,15,0,34,0,20,20,0,14,3588,1446,1268,178,101,77,0,2142,1453,65,19,46,624
2022,Panther Branch,10508,372,206,127,79,0,79,0,166,28,21,0,21,117,10136,3442,2889,553,289,264,0,6694,4089,558,138,420,2047
2022,Raleigh,52098,4625,2262,275,1987,100,1887,0,2363,175,433,127,306,1755,47473,8905,6298,2535,652,1883,72,38568,9884,1643,448,1195,27041
2022,St. Marys,25741,3151,1829,477,1334,146,1188,18,1322,222,237,18,219,863,22590,7366,4648,2572,849,1723,146,15224,5783,2189,558,1631,7252
2022,St. Matthews,29904,3441,2183,852,1268,104,1164,63,1258,101,491,83,408,666,26463,8106,5110,2856,910,1946,140,18357,7189,2350,722,1628,8818
2022,Swift Creek,21818,1049,327,93,234,13,221,0,722,73,152,14,138,497,20769,4939,4145,768,277,491,26,15830,6356,1075,373,702,8399
2022,Wake Forest,35508,1871,867,165,702,47,655,0,1004,148,410,37,373,446,33637,12381,10029,2266,665,1601,86,21256,10903,1652,531,1121,8701
2022,White Oak,39543,863,450,212,213,18,195,25,413,66,122,0,122,225,38680,18673,15355,3303,1099,2204,15,20007,9907,1207,224,983,8893
2021,Bartons Creek,8020,36,16,6,10,0,10,0,20,0,20,20,0,0,7984,2948,2561,387,54,333,0,5036,3883,178,47,131,975
2021,Buckhorn,2981,0,0,0,0,0,0,0,0,0,0,0,0,0,2981,1924,1777,137,0,137,10,1057,524,119,56,63,414
2021,Cary,32279,1177,725,269,456,176,280,0,452,101,19,0,19,332,31102,9038,6689,2285,846,1439,64,22064,9876,1611,570,1041,10577
2021,Cedar Fork,23436,671,394,236,158,0,158,0,277,68,64,0,64,145,22765,7947,6845,991,193,798,111,14818,6255,909,308,601,7654
2021,Holly Springs,17083,496,300,111,189,40,149,0,196,14,91,65,26,91,16587,8447,7003,1439,601,838,5,8140,4918,446,119,327,2776
2021,House Creek,28357,1626,1001,235,766,86,680,0,625,0,96,67,29,529,26731,5538,3957,1541,278,1263,40,21193,7052,1599,517,1082,12542
2021,Leesville,17259,302,104,49,55,0,55,0,198,0,58,0,58,140,16957,5646,4696,924,300,624,26,11311,5001,665,155,510,5645
2021,Little River,5997,408,272,152,120,30,90,0,136,37,54,0,54,45,5589,1533,1018,412,22,390,103,4056,2276,504,14,490,1276
2021,Marks Creek,9722,861,375,113,250,58,192,12,486,58,77,17,60,351,8861,3079,2248,813,271,542,18,5782,3140,523,69,454,2119
2021,Meredith,9577,357,199,83,116,32,84,0,158,0,0,0,0,158,9220,1510,1118,372,61,311,20,7710,1415,358,164,194,5937
2021,Middle Creek,20101,1498,821,237,556,64,492,28,677,87,232,0,232,358,18603,7769,6481,1288,305,983,0,10834,6240,571,207,364,4023
2021,Neuse,31769,2869,1789,444,1345,109,1236,0,1080,28,282,0,282,770,28900,8946,6141,2794,623,2171,11,19954,6589,1679,423,1256,11686
2021,New Light,3531,69,39,25,14,0,14,0,30,0,16,16,0,14,3462,1358,1179,179,109,70,0,2104,1382,66,15,51,656
2021,Panther Branch,10399,510,286,161,125,39,86,0,224,34,15,0,15,175,9889,3277,2734,543,350,193,0,6612,4111,559,142,417,1942
2021,Raleigh,51580,4459,2211,323,1888,163,1725,0,2248,160,377,122,255,1711,47121,9007,6441,2484,617,1867,82,38114,10042,1639,496,1143,26433
2021,St. Marys,25656,3238,2028,504,1497,317,1180,27,1210,242,243,28,215,725,22418,7519,4671,2729,820,1909,119,14899,5579,2206,524,1682,7114
2021,St. Matthews,29864,3139,1887,666,1143,118,1025,78,1252,128,494,133,361,630,26725,8554,5467,2983,927,2056,104,18171,7300,2127,611,1516,8744
2021,Swift Creek,22309,1067,449,215,234,16,218,0,618,55,123,14,109,440,21242,5237,4311,915,359,556,11,16005,6506,977,353,624,8522
2021,Wake Forest,35045,1690,749,146,603,34,569,0,941,73,467,11,456,401,33355,12578,9955,2552,607,1945,71,20777,10845,1351,588,763,8581
2021,White Oak,37179,717,434,121,290,20,270,23,283,0,35,0,35,248,36462,17872,14769,3091,1095,1996,12,18590,9389,1118,264,854,8083
2020,Bartons Creek,7776,68,36,26,10,0,10,0,32,8,13,13,0,11,7708,2996,2653,343,54,289,0,4712,3558,199,54,145,955
2020,Buckhorn,2312,0,0,0,0,0,0,0,0,0,0,0,0,0,2312,1541,1438,94,0,94,9,771,363,24,0,24,384
2020,Cary,32440,1205,742,208,534,162,372,0,463,81,62,0,62,320,31235,9185,6769,2286,967,1319,130,22050,10050,1618,611,1007,10382
2020,Cedar Fork,23103,330,203,122,81,0,81,0,127,50,42,0,42,35,22773,7936,6833,994,188,806,109,14837,5848,770,227,543,8219
2020,Holly Springs,15273,441,288,117,171,33,138,0,153,75,46,21,25,32,14832,7721,6343,1334,557,777,44,7111,4381,340,114,226,2390
2020,House Creek,28663,1409,850,194,656,109,547,0,559,0,71,32,39,488,27254,5665,3968,1656,390,1266,41,21589,7351,1479,543,936,12759
2020,Leesville,17293,284,94,42,52,18,34,0,190,0,64,0,64,126,17009,5804,4792,992,296,696,20,11205,4868,681,157,524,5656
2020,Little River,5383,326,208,133,75,14,61,0,118,51,44,0,44,23,5057,1522,1103,321,85,236,98,3535,2062,354,28,326,1119
2020,Marks Creek,8763,741,332,114,199,58,141,19,409,59,89,18,71,261,8022,2820,1979,841,178,663,0,5202,2859,465,25,440,1878
2020,Meredith,9458,296,148,59,89,0,89,0,148,0,0,0,0,148,9162,1521,1262,259,55,204,0,7641,1534,509,190,319,5598
2020,Middle Creek,18157,1309,773,252,496,101,395,25,536,92,70,0,70,374,16848,7475,6191,1284,428,856,0,9373,5139,500,173,327,3734
2020,Neuse,31603,2931,1914,434,1480,73,1407,0,1017,27,293,5,288,697,28672,8748,6006,2732,657,2075,10,19924,7098,1743,412,1331,11083
2020,New Light,3468,29,16,16,0,0,0,0,13,0,0,0,0,13,3439,1306,1124,182,105,77,0,2133,1358,62,15,47,713
2020,Panther Branch,9604,380,203,115,88,26,62,0,177,2,0,0,0,175,9224,3046,2635,401,186,215,10,6178,3741,507,86,421,1930
2020,Raleigh,51307,4532,2345,342,1996,201,1795,7,2187,106,471,148,323,1610,46775,9193,6593,2544,631,1913,56,37582,10340,1725,467,1258,25517
2020,St. Marys,25204,3282,2443,727,1670,321,1349,46,839,184,288,30,258,367,21922,7448,4564,2733,859,1874,151,14474,5414,1889,462,1427,7171
2020,St. Matthews,29211,2728,1574,539,973,127,846,62,1154,102,365,51,314,687,26483,8365,5289,2939,758,2181,137,18118,7426,1902,531,1371,8790
2020,Swift Creek,21994,921,440,154,286,44,242,0,481,35,84,0,84,362,21073,5602,4457,1140,391,749,5,15471,6144,978,405,573,8349
2020,Wake Forest,33329,1536,620,179,441,0,441,0,916,74,497,11,486,345,31793,12801,10243,2479,512,1967,79,18992,9539,1131,387,744,8322
2020,White Oak,36211,768,463,186,277,10,267,0,305,0,15,0,15,290,35443,18464,14495,3925,1957,1968,44,16979,8554,1072,279,793,7353
2019,Bartons Creek,7565,69,45,23,22,0,22,0,24,8,6,6,0,10,7496,2745,2541,204,74,130,0,4751,3577,137,91,46,1037
2019,Buckhorn,1979,0,0,0,0,0,0,0,0,0,0,0,0,0,1979,1225,1095,119,0,119,11,754,333,72,0,72,349
2019,Cary,31947,1224,734,265,469,113,356,0,490,39,88,5,83,363,30723,9191,6889,2203,559,1644,99,21532,10242,1766,649,1117,9524
2019,Cedar Fork,21837,390,218,135,83,0,83,0,172,82,22,0,22,68,21447,8664,7389,1202,243,959,73,12783,4910,640,272,368,7233
2019,Holly Springs,14724,530,290,164,126,21,105,0,240,102,89,25,64,49,14194,7389,6236,1087,268,819,66,6805,3960,436,114,322,2409
2019,House Creek,28217,1385,719,164,555,152,403,0,666,18,74,31,43,574,26832,5542,3875,1645,424,1221,22,21290,7093,1417,470,947,12780
2019,Leesville,17435,323,151,34,117,9,108,0,172,0,73,0,73,99,17112,6042,4984,1032,356,676,26,11070,4759,702,217,485,5609
2019,Little River,5207,500,347,157,190,61,129,0,153,62,48,0,48,43,4707,1402,950,413,92,321,39,3305,1806,307,82,225,1192
2019,Marks Creek,8545,730,264,85,171,15,156,8,466,89,89,14,75,288,7815,3075,1964,1111,297,814,0,4740,2615,517,56,461,1608
2019,Meredith,8733,293,141,70,71,0,71,0,152,0,0,0,0,152,8440,1493,1114,357,122,235,22,6947,1689,475,177,298,4783
2019,Middle Creek,18409,1323,768,278,490,84,406,0,555,90,97,66,31,368,17086,7360,6333,1027,423,604,0,9726,5573,507,187,320,3646
2019,Neuse,31522,2832,1884,402,1482,151,1331,0,948,78,225,5,220,645,28690,9174,6571,2593,654,1939,10,19516,6898,1975,501,1474,10643
2019,New Light,3187,77,15,15,0,0,0,0,62,0,0,0,0,62,3110,1179,1005,174,93,81,0,1931,1403,62,0,62,466
2019,Panther Branch,9039,471,308,166,142,25,117,0,163,11,0,0,0,152,8568,2985,2444,525,257,268,16,5583,3450,313,68,245,1820
2019,Raleigh,49975,5260,2674,497,2170,172,1998,7,2586,191,460,80,380,1935,44715,9016,6439,2521,621,1900,56,35699,9146,1860,506,1354,24693
2019,St. Marys,25276,3543,2673,744,1881,434,1447,48,870,218,266,30,236,386,21733,7779,4861,2754,850,1904,164,13954,5076,2266,533,1733,6612
2019,St. Matthews,28968,2726,1563,512,994,240,754,57,1163,129,504,81,423,530,26242,8741,5518,3138,659,2479,85,17501,7173,2000,499,1501,8328
2019,Swift Creek,21990,947,544,171,373,77,296,0,403,15,109,0,109,279,21043,5822,4680,1137,379,758,5,15221,6390,690,189,501,8141
2019,Wake Forest,30809,1246,703,207,496,23,473,0,543,85,191,11,180,267,29563,13034,10487,2513,513,2000,34,16529,8844,956,280,676,6729
2019,White Oak,34808,796,461,145,316,7,309,0,335,11,22,12,10,302,34012,17252,14331,2893,833,2060,28,16760,8383,1297,328,969,7080
2018,Bartons Creek,7598,98,65,26,39,0,39,0,33,8,5,5,0,20,7500,2798,2499,299,35,264,0,4702,3423,140,78,62,1139
2018,Buckhorn,1703,8,0,0,0,0,0,0,8,0,0,0,0,8,1695,1014,977,27,0,27,10,681,338,69,0,69,274
2018,Cary,31899,1210,714,249,465,14,451,0,496,39,84,6,78,373,30689,9281,6695,2492,609,1883,94,21408,10121,1650,570,1080,9637
2018,Cedar Fork,21184,370,233,114,119,20,99,0,137,28,26,0,26,83,20814,8180,7130,959,235,724,91,12634,4670,589,240,349,7375
2018,Holly Springs,14021,673,324,223,101,20,81,0,349,148,103,24,79,98,13348,6931,5829,1032,270,762,70,6417,3705,445,149,296,2267
2018,House Creek,27795,1512,983,234,749,264,485,0,529,12,47,11,36,470,26283,5479,3928,1529,404,1125,22,20804,6832,1407,414,993,12565
2018,Leesville,17683,506,275,64,211,99,112,0,231,58,79,0,79,94,17177,6010,4825,1149,357,792,36,11167,4730,637,221,416,5800
2018,Little River,4777,463,307,157,150,46,104,0,156,81,15,0,15,60,4314,1404,986,371,102,269,47,2910,1509,342,126,216,1059
2018,Marks Creek,8366,639,326,92,234,29,205,0,313,36,75,0,75,202,7727,3142,2057,1059,269,790,26,4585,2483,487,107,380,1615
2018,Meredith,8269,313,172,104,68,0,68,0,141,0,0,0,0,141,7956,1409,1064,329,84,245,16,6547,1560,531,254,277,4456
2018,Middle Creek,17990,1167,707,271,436,69,367,0,460,88,72,53,19,300,16823,7444,6328,1076,322,754,40,9379,5410,532,209,323,3437
2018,Neuse,30990,2724,1897,328,1569,129,1440,0,827,101,214,24,190,512,28266,9045,6181,2837,795,2042,27,19221,6490,1784,488,1296,10947
2018,New Light,3031,61,0,0,0,0,0,0,61,0,0,0,0,61,2970,1170,1021,149,67,82,0,1800,1330,65,13,52,405
2018,Panther Branch,8855,441,298,144,154,29,125,0,143,11,13,13,0,119,8414,2966,2377,575,301,274,14,5448,3285,305,99,206,1858
2018,Raleigh,48932,5675,2822,668,2145,278,1867,9,2853,167,607,150,457,2079,43257,8926,6418,2485,740,1745,23,34331,8946,1842,471,1371,23543
2018,St. Marys,24821,3252,2398,769,1559,429,1130,70,854,185,264,17,247,405,21569,7707,4825,2757,740,2017,125,13862,4970,2058,404,1654,6834
2018,St. Matthews,27748,2681,1603,503,1093,187,906,7,1078,104,531,67,464,443,25067,8795,5707,2996,722,2274,92,16272,6686,1830,490,1340,7756
2018,Swift Creek,21926,939,615,173,442,76,366,0,324,0,90,0,90,234,20987,5853,4647,1200,359,841,6,15134,6325,899,367,532,7910
2018,Wake Forest,29665,1455,946,286,646,78,568,14,509,109,181,0,181,219,28210,12472,10280,2150,388,1762,42,15738,8379,784,194,590,6575
2018,White Oak,33245,900,633,183,450,29,421,0,267,12,26,15,11,229,32345,16486,13868,2570,666,1904,48,15859,7865,1260,385,875,6734
2017,Bartons Creek,7693,121,70,27,43,0,43,0,51,19,9,9,0,23,7572,2821,2524,297,56,241,0,4751,3445,190,61,129,1116
2017,Buckhorn,1495,7,0,0,0,0,0,0,7,0,0,0,0,7,1488,825,803,22,0,22,0,663,366,72,9,63,225
2017,Cary,31998,1249,801,337,464,29,435,0,448,39,54,7,47,355,30749,9233,6742,2381,576,1805,110,21516,9882,1583,603,980,10051
2017,Cedar Fork,20248,295,223,96,127,21,106,0,72,32,12,0,12,28,19953,7889,6815,1009,287,722,65,12064,4350,513,220,293,7201
2017,Holly Springs,13238,639,251,176,75,13,62,0,388,171,78,23,55,139,12599,6609,5534,1008,252,756,67,5990,3357,464,120,344,2169
2017,House Creek,27832,1651,987,269,711,227,484,7,664,78,85,0,85,501,26181,5377,3834,1536,282,1254,7,20804,6579,1309,393,916,12916
2017,Leesville,17759,433,225,58,167,83,84,0,208,66,48,0,48,94,17326,6072,4910,1141,396,745,21,11254,4591,646,197,449,6017
2017,Little River,4807,464,328,199,129,34,95,0,136,60,16,0,16,60,4343,1370,969,354,125,229,47,2973,1561,427,160,267,985
2017,Marks Creek,8036,793,387,121,247,0,247,19,406,141,123,0,123,142,7243,2908,1824,1029,287,742,55,4335,2310,449,155,294,1576
2017,Meredith,7498,244,99,99,0,0,0,0,145,0,13,0,13,132,7254,1426,1125,285,76,209,16,5828,1536,399,190,209,3893
2017,Middle Creek,17633,1238,786,360,426,123,303,0,452,74,112,54,58,266,16395,6989,5869,1084,427,657,36,9406,5384,643,276,367,3379
2017,Neuse,31185,2905,2127,371,1756,285,1471,0,778,120,254,22,232,404,28280,9258,6177,3034,996,2038,47,19022,6398,1734,450,1284,10890
2017,New Light,2913,104,41,21,20,0,20,0,63,0,0,0,0,63,2809,1153,1052,101,101,0,0,1656,1254,74,14,60,328
2017,Panther Branch,8887,475,369,200,169,25,144,0,106,17,11,11,0,78,8412,3076,2409,656,251,405,11,5336,2995,350,118,232,1991
2017,Raleigh,47787,5868,2969,655,2306,262,2044,8,2899,214,621,110,511,2064,41919,9055,6366,2630,697,1933,59,32864,8484,1857,567,1290,22523
2017,St. Marys,23650,3057,2219,745,1407,375,1032,67,838,166,245,15,230,427,20593,7149,4659,2425,612,1813,65,13444,4908,1883,346,1537,6653
2017,St. Matthews,27138,2623,1764,495,1258,241,1017,11,859,206,280,62,218,373,24515,8874,5945,2830,583,2247,99,15641,6058,1689,568,1121,7894
2017,Swift Creek,21856,926,618,135,483,79,404,0,308,0,67,0,67,241,20930,5896,4708,1181,427,754,7,15034,6306,878,376,502,7850
2017,Wake Forest,28637,1616,1095,331,747,78,669,17,521,109,144,0,144,268,27021,12187,10011,2153,456,1697,23,14834,7746,897,259,638,6191
2017,White Oak,31681,848,626,215,411,22,389,0,222,26,65,32,33,131,30833,15784,13292,2464,623,1841,28,15049,7430,1210,402,808,6409
2016,Bartons Creek,7718,136,85,55,30,0,30,0,51,30,0,0,0,21,7582,2885,2617,268,53,215,0,4697,3471,174,49,125,1052
2016,Buckhorn,1503,7,0,0,0,0,0,0,7,0,0,0,0,7,1496,781,732,49,23,26,0,715,432,53,9,44,230
2016,Cary,31287,1277,858,345,513,65,448,0,419,34,95,8,87,290,30010,9445,6964,2413,654,1759,68,20565,9268,1414,568,846,9883
2016,Cedar Fork,19212,501,211,71,140,34,106,0,290,45,10,0,10,235,18711,7400,6527,858,278,580,15,11311,4252,576,199,377,6483
2016,Holly Springs,12874,634,266,159,107,0,107,0,368,191,65,13,52,112,12240,6439,5462,924,218,706,53,5801,3320,430,71,359,2051
2016,House Creek,27776,1791,1042,279,756,251,505,7,749,101,127,0,127,521,25985,5485,4024,1452,241,1211,9,20500,6385,1231,371,860,12884
2016,Leesville,17923,510,333,103,230,76,154,0,177,68,27,0,27,82,17413,6052,4897,1155,408,747,0,11361,4659,638,190,448,6064
2016,Little River,4602,443,239,126,113,0,113,0,204,87,44,15,29,73,4159,1329,1004,276,99,177,49,2830,1279,521,209,312,1030
2016,Marks Creek,8002,784,453,142,272,0,272,39,331,88,93,0,93,150,7218,2875,1900,921,239,682,54,4343,2221,431,154,277,1691
2016,Meredith,7395,253,127,45,33,0,33,49,126,8,14,0,14,104,7142,1450,1154,281,81,200,15,5692,1764,294,128,166,3634
2016,Middle Creek,17229,1477,1086,451,635,156,479,0,391,42,103,60,43,246,15752,6847,5705,1120,503,617,22,8905,4873,737,303,434,3295
2016,Neuse,31037,3139,2310,516,1794,272,1522,0,829,149,228,32,196,452,27898,9195,6273,2882,946,1936,40,18703,6575,1614,438,1176,10514
2016,New Light,2904,123,40,19,21,0,21,0,83,0,16,0,16,67,2781,1183,1062,121,75,46,0,1598,1212,57,17,40,329
2016,Panther Branch,8857,442,363,180,183,23,160,0,79,39,13,13,0,27,8415,3081,2505,563,155,408,13,5334,2869,372,65,307,2093
2016,Raleigh,46818,6182,3196,676,2511,229,2282,9,2986,249,608,135,473,2129,40636,8891,6114,2714,681,2033,63,31745,8048,1836,467,1369,21861
2016,St. Marys,22933,2736,1938,728,1174,254,920,36,798,115,219,4,215,464,20197,6978,4546,2331,475,1856,101,13219,4896,1875,501,1374,6448
2016,St. Matthews,26493,2681,1852,477,1365,289,1076,10,829,180,346,49,297,303,23812,8833,5770,2959,775,2184,104,14979,5289,1761,597,1164,7929
2016,Swift Creek,21395,977,578,68,510,92,418,0,399,36,100,0,100,263,20418,5575,4558,998,285,713,19,14843,6172,832,401,431,7839
2016,Wake Forest,27345,1736,1152,482,652,94,558,18,584,100,139,48,91,345,25609,11610,9477,2120,604,1516,13,13999,7039,972,243,729,5988
2016,White Oak,29942,754,544,198,346,20,326,0,210,40,86,33,53,84,29188,15046,12769,2255,583,1672,22,14142,7237,1148,296,852,5757
2015,Bartons Creek,7775,115,80,48,32,0,32,0,35,24,0,0,0,11,7660,3068,2813,255,53,202,0,4592,3490,178,49,129,924
2015,Buckhorn,1264,11,0,0,0,0,0,0,11,0,0,0,0,11,1253,569,529,40,24,16,0,684,358,56,10,46,270
2015,Cary,30679,1049,723,296,427,63,364,0,326,51,64,9,55,211,29630,9678,7243,2431,566,1865,4,19952,8590,1297,502,795,10065
2015,Cedar Fork,18698,355,229,73,156,31,125,0,126,63,0,0,0,63,18343,7015,6162,837,273,564,16,11328,4173,641,191,450,6514
2015,Holly Springs,12405,607,261,130,131,0,131,0,346,174,69,14,55,103,11798,5956,5171,785,179,606,0,5842,3337,425,72,353,2080
2015,House Creek,27332,1838,1249,299,943,262,681,7,589,86,110,0,110,393,25494,5537,3994,1533,376,1157,10,19957,6401,1170,290,880,12386
2015,Leesville,17421,467,278,86,192,83,109,0,189,75,31,0,31,83,16954,5921,4792,1129,297,832,0,11033,4620,569,133,436,5844
2015,Little River,4482,454,235,118,117,0,117,0,219,45,79,16,63,95,4028,1130,692,384,99,285,54,2898,1350,528,249,279,1020
2015,Marks Creek,7839,908,531,194,314,0,314,23,377,57,108,0,108,212,6931,2715,1814,844,245,599,57,4216,1985,381,132,249,1850
2015,Meredith,6941,392,240,51,141,0,141,48,152,33,17,0,17,102,6549,1239,919,304,95,209,16,5310,1552,202,126,76,3556
2015,Middle Creek,17084,1786,1304,469,835,207,628,0,482,47,134,77,57,301,15298,6364,5312,1028,373,655,24,8934,5037,755,321,434,3142
2015,Neuse,30221,3316,2549,714,1835,297,1538,0,767,221,156,19,137,390,26905,9250,5892,3325,899,2426,33,17655,6368,1459,362,1097,9828
2015,New Light,2792,155,57,35,22,0,22,0,98,0,18,0,18,80,2637,1244,1115,129,74,55,0,1393,993,71,18,53,329
2015,Panther Branch,8775,452,372,162,210,18,192,0,80,46,10,10,0,24,8323,2948,2358,584,187,397,6,5375,2939,279,84,195,2157
2015,Raleigh,46175,6401,3287,677,2583,249,2334,27,3114,259,593,136,457,2262,39774,8459,5817,2556,647,1909,86,31315,7833,1894,681,1213,21588
2015,St. Marys,22546,2429,1671,621,1023,220,803,27,758,106,199,2,197,453,20117,6869,4412,2386,317,2069,71,13248,4765,1898,511,1387,6585
2015,St. Matthews,26265,2624,1863,518,1338,238,1100,7,761,168,354,53,301,239,23641,9233,6061,3094,908,2186,78,14408,5081,1632,634,998,7695
2015,Swift Creek,21522,1234,831,323,508,92,416,0,403,59,63,0,63,281,20288,5527,4536,983,173,810,8,14761,6129,849,408,441,7783
2015,Wake Forest,26111,1875,1206,504,691,213,478,11,669,86,165,48,117,418,24236,10794,8785,1995,711,1284,14,13442,7050,931,264,667,5461
2015,White Oak,28342,683,461,133,328,14,314,0,222,37,81,31,50,104,27659,14522,12544,1963,430,1533,15,13137,7066,897,177,720,5174
